<?xml version="1.0" encoding="UTF-8"?>
<beans xmlns="http://www.springframework.org/schema/beans"
       xmlns:context="http://www.springframework.org/schema/context"
       xmlns:tx="http://www.springframework.org/schema/tx"
       xmlns:xsi="http://www.w3.org/2001/XMLSchema-instance"
       xsi:schemaLocation="
       http://www.springframework.org/schema/beans
       http://www.springframework.org/schema/beans/spring-beans.xsd
       http://www.springframework.org/schema/context
       http://www.springframework.org/schema/context/spring-context.xsd
       http://www.springframework.org/schema/tx
       http://www.springframework.org/schema/tx/spring-tx.xsd
">

    <!--包扫描-->
    <context:component-scan base-package="com.lagou.edu.service"/>



<!--    &lt;!&ndash;事务管理&ndash;&gt;-->
<!--    <bean id="transactionManager" class="org.springframework.jdbc.datasource.DataSourceTransactionManager">-->
<!--        <property name="dataSource" ref="dataSource"/>-->
<!--    </bean>-->

    <!--4、事务管理器配置 jdbcTemplate/mybatis 使⽤的是DataSourceTransactionManager
    jpa规范：JpaTransactionManager -->
    <bean id="transactionManager" class="org.springframework.orm.jpa.JpaTransactionManager">
        <property name="entityManagerFactory" ref="entityManagerFactory"/>
    </bean>

    <!--事务管理注解驱动-->
    <tx:annotation-driven transaction-manager="transactionManager"/>



</beans>